{
  "cube": [[-5, -5], [5, -5], [5, 5], [-5, 5]],
  "triangle": [[-7.0710678118654755, 5], [7.0710678118654755, 5], [0, 12.0710678118654755]]
}